customer_id,customer_name,customer_phone,customer_cc,customer_lon,customer_lat
1,Amil Buckridge Jr.,362-789-1674x09785,3002940307200563,42.43626675568521,86.38223698362708
2,Mrs. Alysha Crist PhD,1-824-203-9296x087,3058989004463374,102.87665809504688,-58.07066034525633
3,Jaquez Lowe,802-649-4051,3009303228024401,77.7298846654594,-0.12517056427896023
4,Miss Kenisha Mills PhD,160.226.6251x742,3528834081629395635,-22.26620231755078,9.312958563677967
5,Blas O'Connell,(270)266-4810,561249164302579,144.62878536432981,20.151496091857553
6,Mikayla Dach,636.047.3924,4564287310135,37.86673896946013,5.113394781947136
7,Eleanore Green,1-304-429-5981,4276581453574366,-61.80295502766967,-64.5579348038882
8,Damarcus Kiehn DVM,1-816-111-5327,3444933969890383,127.74294563569129,20.666878363117576
9,Parker Williamson,548-214-0979,3022178902468695,-34.3205672968179,87.55503815598786
10,Sydell Kunde,(872)968-7279x66243,210020791990711160,81.03449299000204,-12.6195532316342
11,Blaine Thompson,(077)970-3777x078,3158797628208339064,-74.83692082576454,-80.06607316900045
12,Tella Bernhard,956.089.1239x91801,4354288182233455,56.483216397464275,80.98461354151368
13,Cuba Block,09786262367,3004823512019630,28.814302319660783,0.898111118003726
14,Joseph Hoppe,(374)834-7456,6011897700683245493,-8.692988958209753,-63.053685100749135
15,Hermina O'Hara-Rolfson,00543063957,869933478897561899,76.22388783842325,-77.2159256413579
16,Chauncey Runte-Halvorson,840.157.0533,3058498538755974,140.70353910326958,63.081113076768816
17,Mr. Polk Mills,1-172-022-8377,869965246760881335,151.94903927855194,42.82861911691725
18,Ova Reichert,(689)185-6763x869,55487354764191915,73.62975544296205,-18.597299507819116
19,Kyson Fay-Crona,(251)784-4780x103,55871158354709455,119.80577534995973,-86.55120588373393
20,Mrs. Libbie Dare,755.903.5832x46971,3005454707507756,-113.48139219917357,-65.0717355357483
21,Waino Ernser,800.373.5823,3437655576777591,-37.78639222495258,70.17548245377839
22,Maritza Huel,989-323-6499x25352,3158800870992259224,-30.819170577451587,46.908485256135464
23,Lilyanna Hansen,(788)765-4727x180,4293917831976866,-75.4548904672265,74.10906141623855
24,Brandie Doyle,1-002-705-8014x991,4662456872123,54.08806803636253,-12.274277955293655
25,Cheryll Murphy-Grimes,420-164-3240x817,4062859886997695,-120.77437869273126,8.781335139647126
26,Odell Schinner-Grimes,946-160-7667x45210,51931237511140099,-57.74088526144624,10.448919553309679
27,Anita Paucek,138.260.6347x290,52284322864565473,-83.13713296316564,-70.26621148455888
28,Scarlet Schulist,(928)111-0401,6011638457227865492,-3.4141997806727886,-16.124150496907532
29,Maranda Kassulke-Kihn,960-663-9362x00606,6011353302451657863,31.813756311312318,11.009351327084005
30,Linnie Keebler,+08(0)3761491646,6011378379498875246,-28.367576636373997,67.03162662684917
31,Sharla Shields,(601)105-4642x92072,630458858147786,-66.94388947449625,-34.037274811416864
32,Mr. Franco Reichert,969-034-6009,4904898886612906,33.078982969745994,-33.516547065228224
33,Ashely Kerluke,+55(5)5849769750,3053889452810370,-110.88795701041818,-46.75231954548508
34,Simmie Barton,(808)151-4582,6011589820128106721,-125.92056666500866,79.88224101718515
35,Catherine McClure,(263)838-7953x435,3337287554340075548,-48.18359199911356,-23.988635852001607
36,Mr. Kole Haag IV,+52(1)2023618579,869983188071606076,-34.692391119897366,-23.25847925618291
37,Barry Bradtke Sr.,1-594-158-0871,53392060709288930,71.38541336171329,-81.96547231636941
38,Asia Nader,722.738.7591x97916,4031933436524,-175.7865336164832,31.201084284111857
39,Lenon Hintz,1-320-669-0306x48233,6011853675264459782,-171.4838184043765,-69.5215108199045
40,Jeri Wuckert,589.953.5565x248,3096202789129609164,-146.36704531498253,-41.37536151800305
41,Nicolette Buckridge,550.340.8328,3735494030771624,137.17662870883942,51.14398795645684
42,Lambert Fisher-Altenwerth,023-412-4363x634,3034189425841480,-86.29509075544775,48.42228731140494
43,Mae Grant-Grant,1-714-136-3932,4925832922703671,144.82587978243828,-60.317917400971055
44,Audrey Kertzmann-Volkman,000.133.2408x5325,3528694709034789302,-113.85894840583205,-39.61774528026581
45,Allyssa Schamberger,1-876-471-5921x295,4736247619234683,-170.75177751481533,-26.652682372368872
46,Dyan Altenwerth,299-176-4120x44579,52034346933035864,-96.456184303388,-28.650272581726313
47,Stephanie Skiles-Koss,1-030-292-3023,630468852068466,118.61992640420794,-5.768399485386908
48,Fidencio Fadel,1-028-295-5553,676268045881940,176.25808289274573,-32.942641424015164
49,Benard Kuhlman-Thiel,1-940-617-7131x514,3088639203307812270,-147.36161327920854,61.64027909282595
50,Orlin Hintz-Zulauf,473.594.7178x8355,869903517288894439,-1.9476150814443827,-47.6865621143952
51,Kennedy Glover,07927179470,869972453205718681,-65.38206573575735,66.81566458661109
52,Illya Zieme-Harber,1-276-043-4802,676121103239857,-146.59232036210597,-76.75014487467706
53,Hailey Cummerata-Schuppe,797.822.0839x651,51768842141206430,-148.56491041369736,-2.444323394447565
54,Therman McGlynn,1-100-498-0751x340,3015032390537841,-18.437762930989265,-89.28837445098907
55,Nikki Batz PhD,798-935-4783x50121,54001186990625234,137.48544031754136,22.8958532307297
56,Brittnay Bernhard,(479)481-8191,4205797731148148,174.2721183411777,-6.31368528585881
57,Mr. Garrett Considine PhD,1-325-483-1584,55427705249980334,-116.28290260210633,14.641025327146053
58,Arvin Gleichner,627-942-3860,4139393409517,179.24899178557098,-12.756711468100548
59,Elex Cassin-Leannon,(138)621-6620,3778484667415437,-111.12144934013486,-31.940672658383846
60,Dr. Vessie Pollich,(791)432-0772x10955,4946592074706626,-128.28898278996348,-0.7175270793959498
61,Isamar Kutch,770-037-6214x783,3088911869530574462,-110.39092951454222,10.484340889379382
62,Mr. Octavio Keebler MD,105-497-4332,4520475013956,159.0571297891438,-3.0687954230234027
63,Wilmer Schmeler,1-223-797-9605x7872,3490085231547979,6.451884638518095,-4.112128168344498
64,Malachi Zieme,02378369028,3022463335853790,-105.68853649310768,62.06073253881186
65,Jeraldine Raynor-Towne,593.257.7596,6011115381562351250,109.3184928316623,-42.71579203661531
66,Essence Kemmer,1-326-246-2781,6011901197830137380,82.80358099378645,-16.94162456318736
67,Reilly Hauck,08639811288,3096501833116335868,137.79473958536983,30.23011322133243
68,Silvio Price,(811)042-3528x09128,6011450910899763945,-144.16963619180024,-25.56915584485978
69,Dr. Giles Langosh,752.671.0634,869951971780160677,87.08324706181884,-48.54459113907069
70,Zariah Jast,(323)684-1140x8607,3030519263222449,172.7714538294822,-59.57173850387335
71,Mr. Blanchard Bashirian,(307)316-5215,4861672802696,68.66605751216412,-2.6060323510318995
72,Karis Schamberger,(367)013-6743x62610,6011425870454609523,-90.49083813093603,89.42465954460204
73,Mrs. Johana Prosacco,01647233302,4712027777747,-54.59254997782409,-69.50028616469353
74,Yamilex Schneider,291-953-2190x6567,4394477315975312,-21.4025120716542,-51.876937611959875
75,Ms. Ricki Kunde DVM,03152462708,210031331785561624,-14.502755524590611,-72.2447857959196
76,Ike Swift,197-171-7699,4659257778908517,-150.07813554257154,77.5036162789911
77,Killian Simonis-Streich,1-188-790-4283x625,869962457853630264,166.58387389965355,49.67868740670383
78,Kiel Littel,837.789.4108,869993592394077782,43.84920115582645,-63.111111195757985
79,Dalton Cummerata Jr.,1-732-498-3845x8113,3337419355826746227,-5.52200342528522,-47.686833436600864
80,Linda Nicolas DDS,247-987-4708x55605,3528156804927015203,108.80560845136642,-33.76839010510594
81,Kathlene Spencer,(737)931-3756x4377,55133034558508379,66.93872697651386,82.43346385192126
82,Sherry Stokes,(517)520-4645x891,210098814077110408,-46.81799104437232,-20.041198418475688
83,Craig Schultz,+26(8)4072284404,561264929444004,151.18062553927302,-75.376240555197
84,Aaron Jacobi,346.239.0042x4250,589339971055361,-32.17453144490719,-73.09991417918354
85,Dorcas Monahan,873.541.4214x37491,3017329995914195,-147.00205771252513,45.3213208867237
86,Essex Rempel,(629)074-0429x476,3096036155705831014,-140.79459372907877,-77.35379315447062
87,Dejuan VonRueden-Treutel,1-675-122-4717,869941110460970062,-177.53773438744247,53.65832827985287
88,Kaiya Boehm,1-538-620-9189,53733102329357980,113.02534005604684,75.60819996055216
89,Glendon Lynch,1-333-603-8810,4930960136998747,-12.821732740849257,69.60756790358573
90,Loney Hyatt,00136153993,675941297309878,-132.1067947614938,-15.781979961320758
